{
  "prompt": "trash on the ground",
  "model_id": "sam3-image-official",
  "dataset_yaml": "datasets/waste-detection/test/dataset.yaml",
  "num_images": 165,
  "num_ground_truth_boxes": 182,
  "num_predictions": 2665,
  "score_threshold": 0.05,
  "max_detections": 100,
  "device": "cuda",
  "iou_thresholds": [
    0.5,
    0.55,
    0.6000000000000001,
    0.6500000000000001,
    0.7000000000000002,
    0.7500000000000002,
    0.8000000000000003,
    0.8500000000000003,
    0.9000000000000004,
    0.9500000000000004
  ],
  "metrics": {
    "img_size": null,
    "precision": 0.054409005628517824,
    "recall": 0.7967032967032966,
    "map": 0.23185967723795584,
    "map50": 0.3123146885397649,
    "fitness": 0.3349629810649934,
    "f1_score": 0.7967032967032959,
    "time": 0.26908763164767263
  }
}